Participant,Food_Type,Mean,SD,Delta,Direction
1,Unprocessed,5.13,3.48,0.88,Prefers_Ultraprocessed
1,Ultraprocessed,6.0,3.42,0.88,Prefers_Ultraprocessed
2,Unprocessed,6.88,0.99,-2.38,Prefers_Unprocessed
2,Ultraprocessed,4.5,3.16,-2.38,Prefers_Unprocessed
3,Unprocessed,5.63,2.77,0.88,Prefers_Ultraprocessed
3,Ultraprocessed,6.5,2.73,0.88,Prefers_Ultraprocessed
4,Unprocessed,3.25,3.41,3.0,Prefers_Ultraprocessed
4,Ultraprocessed,6.25,2.92,3.0,Prefers_Ultraprocessed
5,Unprocessed,0.25,0.46,0.13,Prefers_Ultraprocessed
5,Ultraprocessed,0.38,0.52,0.13,Prefers_Ultraprocessed
6,Unprocessed,6.88,1.64,-0.88,Prefers_Unprocessed
6,Ultraprocessed,6.0,2.88,-0.88,Prefers_Unprocessed
7,Unprocessed,4.25,3.73,-0.88,Prefers_Unprocessed
7,Ultraprocessed,3.38,3.66,-0.88,Prefers_Unprocessed
8,Unprocessed,0.75,1.16,1.0,Prefers_Ultraprocessed
8,Ultraprocessed,1.75,1.75,1.0,Prefers_Ultraprocessed
9,Unprocessed,4.25,3.28,0.25,Prefers_Ultraprocessed
9,Ultraprocessed,4.5,3.85,0.25,Prefers_Ultraprocessed
10,Unprocessed,3.13,3.68,-0.25,Prefers_Unprocessed
10,Ultraprocessed,2.88,3.18,-0.25,Prefers_Unprocessed
11,Unprocessed,5.0,3.34,0.25,Prefers_Ultraprocessed
11,Ultraprocessed,5.25,3.65,0.25,Prefers_Ultraprocessed
12,Unprocessed,3.75,3.33,1.88,Prefers_Ultraprocessed
12,Ultraprocessed,5.63,3.11,1.88,Prefers_Ultraprocessed
13,Unprocessed,5.0,2.67,0.38,Prefers_Ultraprocessed
13,Ultraprocessed,5.38,2.92,0.38,Prefers_Ultraprocessed
14,Unprocessed,3.25,2.96,0.75,Prefers_Ultraprocessed
14,Ultraprocessed,4.0,2.51,0.75,Prefers_Ultraprocessed
15,Unprocessed,5.0,1.85,0.0,No_Preference
15,Ultraprocessed,5.0,1.93,0.0,No_Preference
16,Unprocessed,4.75,2.31,1.5,Prefers_Ultraprocessed
16,Ultraprocessed,6.25,1.39,1.5,Prefers_Ultraprocessed
17,Unprocessed,6.13,0.99,-2.63,Prefers_Unprocessed
17,Ultraprocessed,3.5,1.85,-2.63,Prefers_Unprocessed
18,Unprocessed,3.88,2.7,-0.38,Prefers_Unprocessed
18,Ultraprocessed,3.5,2.45,-0.38,Prefers_Unprocessed
19,Unprocessed,7.88,0.35,-4.88,Prefers_Unprocessed
19,Ultraprocessed,3.0,2.83,-4.88,Prefers_Unprocessed
20,Unprocessed,4.0,2.67,1.0,Prefers_Ultraprocessed
20,Ultraprocessed,5.0,3.02,1.0,Prefers_Ultraprocessed
21,Unprocessed,5.88,2.7,0.38,Prefers_Ultraprocessed
21,Ultraprocessed,6.25,2.6,0.38,Prefers_Ultraprocessed
22,Unprocessed,3.5,3.02,-0.13,Prefers_Unprocessed
22,Ultraprocessed,3.38,3.38,-0.13,Prefers_Unprocessed
23,Unprocessed,3.88,3.14,1.88,Prefers_Ultraprocessed
23,Ultraprocessed,5.75,3.28,1.88,Prefers_Ultraprocessed
24,Unprocessed,2.88,2.03,0.25,Prefers_Ultraprocessed
24,Ultraprocessed,3.13,2.42,0.25,Prefers_Ultraprocessed
25,Unprocessed,3.13,2.3,-0.63,Prefers_Unprocessed
25,Ultraprocessed,2.5,2.83,-0.63,Prefers_Unprocessed
26,Unprocessed,3.0,2.0,1.63,Prefers_Ultraprocessed
26,Ultraprocessed,4.63,3.2,1.63,Prefers_Ultraprocessed
27,Unprocessed,5.38,2.97,2.5,Prefers_Ultraprocessed
27,Ultraprocessed,7.88,0.35,2.5,Prefers_Ultraprocessed
28,Unprocessed,3.75,3.62,2.38,Prefers_Ultraprocessed
28,Ultraprocessed,6.13,2.03,2.38,Prefers_Ultraprocessed
29,Unprocessed,3.38,1.85,0.75,Prefers_Ultraprocessed
29,Ultraprocessed,4.13,3.31,0.75,Prefers_Ultraprocessed
30,Unprocessed,5.25,1.58,1.0,Prefers_Ultraprocessed
30,Ultraprocessed,6.25,1.16,1.0,Prefers_Ultraprocessed
31,Unprocessed,3.0,1.6,-1.25,Prefers_Unprocessed
31,Ultraprocessed,1.75,2.19,-1.25,Prefers_Unprocessed
32,Unprocessed,0.63,0.52,0.38,Prefers_Ultraprocessed
32,Ultraprocessed,1.0,0.53,0.38,Prefers_Ultraprocessed
33,Unprocessed,2.5,2.45,3.25,Prefers_Ultraprocessed
33,Ultraprocessed,5.75,2.55,3.25,Prefers_Ultraprocessed
34,Unprocessed,3.88,1.96,1.13,Prefers_Ultraprocessed
34,Ultraprocessed,5.0,2.0,1.13,Prefers_Ultraprocessed
35,Unprocessed,4.13,1.96,1.13,Prefers_Ultraprocessed
35,Ultraprocessed,5.25,3.41,1.13,Prefers_Ultraprocessed
36,Unprocessed,3.25,2.96,2.63,Prefers_Ultraprocessed
36,Ultraprocessed,5.88,2.9,2.63,Prefers_Ultraprocessed
37,Unprocessed,3.13,3.0,2.88,Prefers_Ultraprocessed
37,Ultraprocessed,6.0,2.51,2.88,Prefers_Ultraprocessed
38,Unprocessed,6.75,1.04,-0.25,Prefers_Unprocessed
38,Ultraprocessed,6.5,1.51,-0.25,Prefers_Unprocessed
39,Unprocessed,7.13,0.83,-0.5,Prefers_Unprocessed
39,Ultraprocessed,6.63,2.77,-0.5,Prefers_Unprocessed
40,Unprocessed,1.38,2.88,1.0,Prefers_Ultraprocessed
40,Ultraprocessed,2.38,2.2,1.0,Prefers_Ultraprocessed
41,Unprocessed,3.75,2.31,0.25,Prefers_Ultraprocessed
41,Ultraprocessed,4.0,2.93,0.25,Prefers_Ultraprocessed
42,Unprocessed,5.13,1.96,0.25,Prefers_Ultraprocessed
42,Ultraprocessed,5.38,1.77,0.25,Prefers_Ultraprocessed
43,Unprocessed,4.25,3.65,0.25,Prefers_Ultraprocessed
43,Ultraprocessed,4.5,3.46,0.25,Prefers_Ultraprocessed
44,Unprocessed,2.0,2.78,2.25,Prefers_Ultraprocessed
44,Ultraprocessed,4.25,3.33,2.25,Prefers_Ultraprocessed
45,Unprocessed,1.13,2.1,3.63,Prefers_Ultraprocessed
45,Ultraprocessed,4.75,2.76,3.63,Prefers_Ultraprocessed
46,Unprocessed,1.25,1.83,1.25,Prefers_Ultraprocessed
46,Ultraprocessed,2.5,2.27,1.25,Prefers_Ultraprocessed
47,Unprocessed,5.88,3.04,1.13,Prefers_Ultraprocessed
47,Ultraprocessed,7.0,1.07,1.13,Prefers_Ultraprocessed
48,Unprocessed,6.88,1.13,-0.5,Prefers_Unprocessed
48,Ultraprocessed,6.38,0.92,-0.5,Prefers_Unprocessed
49,Unprocessed,3.88,2.85,0.0,No_Preference
49,Ultraprocessed,3.88,3.27,0.0,No_Preference
50,Unprocessed,6.63,2.39,0.13,Prefers_Ultraprocessed
50,Ultraprocessed,6.75,2.82,0.13,Prefers_Ultraprocessed
51,Unprocessed,1.38,2.0,2.63,Prefers_Ultraprocessed
51,Ultraprocessed,4.0,2.73,2.63,Prefers_Ultraprocessed
52,Unprocessed,2.88,1.81,1.88,Prefers_Ultraprocessed
52,Ultraprocessed,4.75,2.6,1.88,Prefers_Ultraprocessed
53,Unprocessed,0.63,0.74,0.75,Prefers_Ultraprocessed
53,Ultraprocessed,1.38,1.6,0.75,Prefers_Ultraprocessed
54,Unprocessed,0.63,0.74,-0.25,Prefers_Unprocessed
54,Ultraprocessed,0.38,0.74,-0.25,Prefers_Unprocessed
55,Unprocessed,2.38,2.92,1.13,Prefers_Ultraprocessed
55,Ultraprocessed,3.5,3.34,1.13,Prefers_Ultraprocessed
56,Unprocessed,4.25,2.71,-0.38,Prefers_Unprocessed
56,Ultraprocessed,3.88,2.7,-0.38,Prefers_Unprocessed
57,Unprocessed,4.38,2.83,2.0,Prefers_Ultraprocessed
57,Ultraprocessed,6.38,2.67,2.0,Prefers_Ultraprocessed
58,Unprocessed,5.13,3.14,1.13,Prefers_Ultraprocessed
58,Ultraprocessed,6.25,3.28,1.13,Prefers_Ultraprocessed
59,Unprocessed,6.5,1.31,-3.13,Prefers_Unprocessed
59,Ultraprocessed,3.38,2.45,-3.13,Prefers_Unprocessed
60,Unprocessed,5.38,2.77,-0.63,Prefers_Unprocessed
60,Ultraprocessed,4.75,3.01,-0.63,Prefers_Unprocessed
61,Unprocessed,4.63,3.42,1.63,Prefers_Ultraprocessed
61,Ultraprocessed,6.25,2.76,1.63,Prefers_Ultraprocessed
62,Unprocessed,3.38,3.02,1.5,Prefers_Ultraprocessed
62,Ultraprocessed,4.88,1.96,1.5,Prefers_Ultraprocessed
63,Unprocessed,6.0,1.69,1.25,Prefers_Ultraprocessed
63,Ultraprocessed,7.25,0.89,1.25,Prefers_Ultraprocessed
64,Unprocessed,5.25,3.65,-0.63,Prefers_Unprocessed
64,Ultraprocessed,4.63,3.29,-0.63,Prefers_Unprocessed
65,Unprocessed,0.63,1.41,5.0,Prefers_Ultraprocessed
65,Ultraprocessed,5.63,2.62,5.0,Prefers_Ultraprocessed
66,Unprocessed,3.0,3.38,-1.88,Prefers_Unprocessed
66,Ultraprocessed,1.13,1.73,-1.88,Prefers_Unprocessed
67,Unprocessed,1.5,2.14,3.63,Prefers_Ultraprocessed
67,Ultraprocessed,5.13,2.9,3.63,Prefers_Ultraprocessed
68,Unprocessed,4.88,1.89,-0.13,Prefers_Unprocessed
68,Ultraprocessed,4.75,2.19,-0.13,Prefers_Unprocessed
69,Unprocessed,1.0,2.14,4.13,Prefers_Ultraprocessed
69,Ultraprocessed,5.13,3.27,4.13,Prefers_Ultraprocessed
70,Unprocessed,4.13,3.64,2.63,Prefers_Ultraprocessed
70,Ultraprocessed,6.75,1.83,2.63,Prefers_Ultraprocessed
71,Unprocessed,1.38,1.06,0.75,Prefers_Ultraprocessed
71,Ultraprocessed,2.13,0.99,0.75,Prefers_Ultraprocessed
72,Unprocessed,4.13,2.36,-0.75,Prefers_Unprocessed
72,Ultraprocessed,3.38,2.0,-0.75,Prefers_Unprocessed
73,Unprocessed,2.88,3.14,0.0,No_Preference
73,Ultraprocessed,2.88,2.36,0.0,No_Preference
74,Unprocessed,3.25,3.06,1.25,Prefers_Ultraprocessed
74,Ultraprocessed,4.5,3.85,1.25,Prefers_Ultraprocessed
75,Unprocessed,6.0,2.2,-0.13,Prefers_Unprocessed
75,Ultraprocessed,5.88,2.17,-0.13,Prefers_Unprocessed
76,Unprocessed,4.75,3.37,0.75,Prefers_Ultraprocessed
76,Ultraprocessed,5.5,2.78,0.75,Prefers_Ultraprocessed
77,Unprocessed,4.13,2.1,0.5,Prefers_Ultraprocessed
77,Ultraprocessed,4.63,2.07,0.5,Prefers_Ultraprocessed
78,Unprocessed,2.0,2.62,0.38,Prefers_Ultraprocessed
78,Ultraprocessed,2.38,1.6,0.38,Prefers_Ultraprocessed
79,Unprocessed,3.25,3.11,2.88,Prefers_Ultraprocessed
79,Ultraprocessed,6.13,3.0,2.88,Prefers_Ultraprocessed
80,Unprocessed,2.63,3.58,0.38,Prefers_Ultraprocessed
80,Ultraprocessed,3.0,2.67,0.38,Prefers_Ultraprocessed
81,Unprocessed,0.38,0.74,-0.25,Prefers_Unprocessed
81,Ultraprocessed,0.13,0.35,-0.25,Prefers_Unprocessed
82,Unprocessed,6.5,2.83,-0.88,Prefers_Unprocessed
82,Ultraprocessed,5.63,3.34,-0.88,Prefers_Unprocessed
83,Unprocessed,5.25,3.06,-0.25,Prefers_Unprocessed
83,Ultraprocessed,5.0,3.07,-0.25,Prefers_Unprocessed
84,Unprocessed,5.38,3.34,-4.0,Prefers_Unprocessed
84,Ultraprocessed,1.38,2.77,-4.0,Prefers_Unprocessed
85,Unprocessed,3.13,2.75,2.38,Prefers_Ultraprocessed
85,Ultraprocessed,5.5,2.51,2.38,Prefers_Ultraprocessed
86,Unprocessed,4.75,1.67,-0.38,Prefers_Unprocessed
86,Ultraprocessed,4.38,2.2,-0.38,Prefers_Unprocessed
87,Unprocessed,3.38,3.81,3.38,Prefers_Ultraprocessed
87,Ultraprocessed,6.75,2.76,3.38,Prefers_Ultraprocessed
88,Unprocessed,3.0,2.88,-0.63,Prefers_Unprocessed
88,Ultraprocessed,2.38,2.5,-0.63,Prefers_Unprocessed
89,Unprocessed,2.88,2.23,1.38,Prefers_Ultraprocessed
89,Ultraprocessed,4.25,3.11,1.38,Prefers_Ultraprocessed
90,Unprocessed,4.75,2.25,1.88,Prefers_Ultraprocessed
90,Ultraprocessed,6.63,2.88,1.88,Prefers_Ultraprocessed
91,Unprocessed,0.13,0.35,0.5,Prefers_Ultraprocessed
91,Ultraprocessed,0.63,1.77,0.5,Prefers_Ultraprocessed
92,Unprocessed,0.38,0.74,2.25,Prefers_Ultraprocessed
92,Ultraprocessed,2.63,2.72,2.25,Prefers_Ultraprocessed
93,Unprocessed,5.63,2.33,-0.63,Prefers_Unprocessed
93,Ultraprocessed,5.0,3.42,-0.63,Prefers_Unprocessed
94,Unprocessed,4.0,2.73,0.13,Prefers_Ultraprocessed
94,Ultraprocessed,4.13,2.75,0.13,Prefers_Ultraprocessed
95,Unprocessed,5.0,2.78,0.25,Prefers_Ultraprocessed
95,Ultraprocessed,5.25,2.55,0.25,Prefers_Ultraprocessed
96,Unprocessed,4.38,1.3,-1.0,Prefers_Unprocessed
96,Ultraprocessed,3.38,2.33,-1.0,Prefers_Unprocessed
97,Unprocessed,5.75,2.92,-0.5,Prefers_Unprocessed
97,Ultraprocessed,5.25,3.28,-0.5,Prefers_Unprocessed
98,Unprocessed,2.13,0.64,-1.0,Prefers_Unprocessed
98,Ultraprocessed,1.13,1.25,-1.0,Prefers_Unprocessed
99,Unprocessed,3.0,3.16,-0.63,Prefers_Unprocessed
99,Ultraprocessed,2.38,2.5,-0.63,Prefers_Unprocessed
100,Unprocessed,2.88,3.14,2.13,Prefers_Ultraprocessed
100,Ultraprocessed,5.0,2.98,2.13,Prefers_Ultraprocessed
101,Unprocessed,3.25,1.83,2.88,Prefers_Ultraprocessed
101,Ultraprocessed,6.13,2.85,2.88,Prefers_Ultraprocessed
102,Unprocessed,4.5,2.62,1.38,Prefers_Ultraprocessed
102,Ultraprocessed,5.88,1.81,1.38,Prefers_Ultraprocessed
103,Unprocessed,2.88,2.53,-0.5,Prefers_Unprocessed
103,Ultraprocessed,2.38,2.77,-0.5,Prefers_Unprocessed
104,Unprocessed,3.5,0.76,0.63,Prefers_Ultraprocessed
104,Ultraprocessed,4.13,2.23,0.63,Prefers_Ultraprocessed
105,Unprocessed,5.25,2.55,-1.38,Prefers_Unprocessed
105,Ultraprocessed,3.88,3.6,-1.38,Prefers_Unprocessed
106,Unprocessed,2.0,1.41,2.0,Prefers_Ultraprocessed
106,Ultraprocessed,4.0,2.73,2.0,Prefers_Ultraprocessed
107,Unprocessed,4.5,3.16,-0.25,Prefers_Unprocessed
107,Ultraprocessed,4.25,3.01,-0.25,Prefers_Unprocessed
108,Unprocessed,6.0,3.42,-3.13,Prefers_Unprocessed
108,Ultraprocessed,2.88,3.56,-3.13,Prefers_Unprocessed
109,Unprocessed,3.25,2.55,1.75,Prefers_Ultraprocessed
109,Ultraprocessed,5.0,1.85,1.75,Prefers_Ultraprocessed
110,Unprocessed,2.5,2.73,2.5,Prefers_Ultraprocessed
110,Ultraprocessed,5.0,3.16,2.5,Prefers_Ultraprocessed
111,Unprocessed,5.0,3.66,1.75,Prefers_Ultraprocessed
111,Ultraprocessed,6.75,1.28,1.75,Prefers_Ultraprocessed
112,Unprocessed,6.38,1.06,0.38,Prefers_Ultraprocessed
112,Ultraprocessed,6.75,1.16,0.38,Prefers_Ultraprocessed
113,Unprocessed,5.13,3.36,2.5,Prefers_Ultraprocessed
113,Ultraprocessed,7.63,0.74,2.5,Prefers_Ultraprocessed
114,Unprocessed,5.13,2.47,1.63,Prefers_Ultraprocessed
114,Ultraprocessed,6.75,2.05,1.63,Prefers_Ultraprocessed
115,Unprocessed,0.5,1.07,1.75,Prefers_Ultraprocessed
115,Ultraprocessed,2.25,3.11,1.75,Prefers_Ultraprocessed
116,Unprocessed,7.38,0.74,-0.13,Prefers_Unprocessed
116,Ultraprocessed,7.25,1.04,-0.13,Prefers_Unprocessed
117,Unprocessed,5.13,3.27,1.13,Prefers_Ultraprocessed
117,Ultraprocessed,6.25,2.76,1.13,Prefers_Ultraprocessed
118,Unprocessed,2.88,2.85,4.63,Prefers_Ultraprocessed
118,Ultraprocessed,7.5,0.76,4.63,Prefers_Ultraprocessed
119,Unprocessed,6.25,2.71,-4.25,Prefers_Unprocessed
119,Ultraprocessed,2.0,3.7,-4.25,Prefers_Unprocessed
120,Unprocessed,3.88,2.23,0.38,Prefers_Ultraprocessed
120,Ultraprocessed,4.25,2.25,0.38,Prefers_Ultraprocessed
121,Unprocessed,4.38,3.85,0.75,Prefers_Ultraprocessed
121,Ultraprocessed,5.13,3.98,0.75,Prefers_Ultraprocessed
122,Unprocessed,4.13,2.95,-0.75,Prefers_Unprocessed
122,Ultraprocessed,3.38,3.96,-0.75,Prefers_Unprocessed
123,Unprocessed,3.25,1.28,1.63,Prefers_Ultraprocessed
123,Ultraprocessed,4.88,1.81,1.63,Prefers_Ultraprocessed
124,Unprocessed,3.13,2.7,1.88,Prefers_Ultraprocessed
124,Ultraprocessed,5.0,2.83,1.88,Prefers_Ultraprocessed
125,Unprocessed,1.13,2.42,5.5,Prefers_Ultraprocessed
125,Ultraprocessed,6.63,1.85,5.5,Prefers_Ultraprocessed
126,Unprocessed,5.38,1.06,-1.5,Prefers_Unprocessed
126,Ultraprocessed,3.88,2.64,-1.5,Prefers_Unprocessed
127,Unprocessed,7.5,0.53,-2.13,Prefers_Unprocessed
127,Ultraprocessed,5.38,2.77,-2.13,Prefers_Unprocessed
128,Unprocessed,2.5,3.46,0.63,Prefers_Ultraprocessed
128,Ultraprocessed,3.13,4.05,0.63,Prefers_Ultraprocessed
129,Unprocessed,5.88,2.9,0.13,Prefers_Ultraprocessed
129,Ultraprocessed,6.0,2.83,0.13,Prefers_Ultraprocessed
130,Unprocessed,5.13,1.96,0.88,Prefers_Ultraprocessed
130,Ultraprocessed,6.0,2.45,0.88,Prefers_Ultraprocessed
131,Unprocessed,4.13,2.59,-0.63,Prefers_Unprocessed
131,Ultraprocessed,3.5,2.62,-0.63,Prefers_Unprocessed
132,Unprocessed,7.5,1.07,-6.88,Prefers_Unprocessed
132,Ultraprocessed,0.63,1.41,-6.88,Prefers_Unprocessed
133,Unprocessed,7.5,0.53,-4.25,Prefers_Unprocessed
133,Ultraprocessed,3.25,3.06,-4.25,Prefers_Unprocessed
134,Unprocessed,2.75,3.28,-0.63,Prefers_Unprocessed
134,Ultraprocessed,2.13,3.36,-0.63,Prefers_Unprocessed
135,Unprocessed,5.0,3.38,-1.25,Prefers_Unprocessed
135,Ultraprocessed,3.75,3.49,-1.25,Prefers_Unprocessed
136,Unprocessed,1.5,2.33,2.63,Prefers_Ultraprocessed
136,Ultraprocessed,4.13,2.95,2.63,Prefers_Ultraprocessed
137,Unprocessed,5.13,2.36,-3.38,Prefers_Unprocessed
137,Ultraprocessed,1.75,2.49,-3.38,Prefers_Unprocessed
138,Unprocessed,3.25,2.66,1.38,Prefers_Ultraprocessed
138,Ultraprocessed,4.63,2.2,1.38,Prefers_Ultraprocessed
139,Unprocessed,4.25,2.82,0.5,Prefers_Ultraprocessed
139,Ultraprocessed,4.75,2.87,0.5,Prefers_Ultraprocessed
140,Unprocessed,5.13,2.3,0.0,No_Preference
140,Ultraprocessed,5.13,1.96,0.0,No_Preference
141,Unprocessed,6.0,2.27,-2.13,Prefers_Unprocessed
141,Ultraprocessed,3.88,3.72,-2.13,Prefers_Unprocessed
142,Unprocessed,3.88,3.04,-0.88,Prefers_Unprocessed
142,Ultraprocessed,3.0,3.16,-0.88,Prefers_Unprocessed
143,Unprocessed,6.13,2.23,-0.13,Prefers_Unprocessed
143,Ultraprocessed,6.0,1.85,-0.13,Prefers_Unprocessed
144,Unprocessed,3.13,3.36,1.63,Prefers_Ultraprocessed
144,Ultraprocessed,4.75,3.28,1.63,Prefers_Ultraprocessed
145,Unprocessed,2.5,3.02,1.0,Prefers_Ultraprocessed
145,Ultraprocessed,3.5,2.2,1.0,Prefers_Ultraprocessed
146,Unprocessed,5.75,2.19,1.0,Prefers_Ultraprocessed
146,Ultraprocessed,6.75,2.82,1.0,Prefers_Ultraprocessed
147,Unprocessed,0.38,0.52,0.88,Prefers_Ultraprocessed
147,Ultraprocessed,1.25,0.89,0.88,Prefers_Ultraprocessed
148,Unprocessed,1.5,1.2,2.5,Prefers_Ultraprocessed
148,Ultraprocessed,4.0,3.07,2.5,Prefers_Ultraprocessed
149,Unprocessed,2.88,3.48,1.63,Prefers_Ultraprocessed
149,Ultraprocessed,4.5,3.38,1.63,Prefers_Ultraprocessed
150,Unprocessed,3.75,2.82,1.0,Prefers_Ultraprocessed
150,Ultraprocessed,4.75,2.96,1.0,Prefers_Ultraprocessed
151,Unprocessed,5.0,3.02,-0.88,Prefers_Unprocessed
151,Ultraprocessed,4.13,2.59,-0.88,Prefers_Unprocessed
152,Unprocessed,3.0,2.51,3.75,Prefers_Ultraprocessed
152,Ultraprocessed,6.75,1.58,3.75,Prefers_Ultraprocessed
153,Unprocessed,3.25,1.16,0.25,Prefers_Ultraprocessed
153,Ultraprocessed,3.5,0.93,0.25,Prefers_Ultraprocessed
154,Unprocessed,0.75,0.89,5.75,Prefers_Ultraprocessed
154,Ultraprocessed,6.5,2.45,5.75,Prefers_Ultraprocessed
155,Unprocessed,3.63,3.58,2.75,Prefers_Ultraprocessed
155,Ultraprocessed,6.38,1.69,2.75,Prefers_Ultraprocessed
156,Unprocessed,3.25,2.6,1.38,Prefers_Ultraprocessed
156,Ultraprocessed,4.63,1.3,1.38,Prefers_Ultraprocessed
157,Unprocessed,1.0,1.77,2.13,Prefers_Ultraprocessed
157,Ultraprocessed,3.13,2.03,2.13,Prefers_Ultraprocessed
158,Unprocessed,3.5,2.83,1.88,Prefers_Ultraprocessed
158,Ultraprocessed,5.38,2.92,1.88,Prefers_Ultraprocessed
159,Unprocessed,3.63,2.33,0.38,Prefers_Ultraprocessed
159,Ultraprocessed,4.0,1.93,0.38,Prefers_Ultraprocessed
160,Unprocessed,6.88,1.55,-2.13,Prefers_Unprocessed
160,Ultraprocessed,4.75,3.15,-2.13,Prefers_Unprocessed
161,Unprocessed,2.0,2.33,-0.25,Prefers_Unprocessed
161,Ultraprocessed,1.75,2.76,-0.25,Prefers_Unprocessed
162,Unprocessed,2.75,2.96,2.38,Prefers_Ultraprocessed
162,Ultraprocessed,5.13,3.14,2.38,Prefers_Ultraprocessed
163,Unprocessed,2.88,2.03,0.88,Prefers_Ultraprocessed
163,Ultraprocessed,3.75,2.49,0.88,Prefers_Ultraprocessed
164,Unprocessed,0.5,0.76,5.5,Prefers_Ultraprocessed
164,Ultraprocessed,6.0,3.16,5.5,Prefers_Ultraprocessed
165,Unprocessed,1.25,1.39,3.13,Prefers_Ultraprocessed
165,Ultraprocessed,4.38,2.2,3.13,Prefers_Ultraprocessed
166,Unprocessed,3.88,3.18,2.13,Prefers_Ultraprocessed
166,Ultraprocessed,6.0,2.14,2.13,Prefers_Ultraprocessed
167,Unprocessed,3.13,3.31,3.75,Prefers_Ultraprocessed
167,Ultraprocessed,6.88,2.23,3.75,Prefers_Ultraprocessed
168,Unprocessed,0.75,1.49,4.38,Prefers_Ultraprocessed
168,Ultraprocessed,5.13,3.56,4.38,Prefers_Ultraprocessed
169,Unprocessed,3.13,2.42,3.88,Prefers_Ultraprocessed
169,Ultraprocessed,7.0,1.2,3.88,Prefers_Ultraprocessed
170,Unprocessed,2.88,2.75,3.38,Prefers_Ultraprocessed
170,Ultraprocessed,6.25,1.83,3.38,Prefers_Ultraprocessed
171,Unprocessed,2.63,2.72,4.63,Prefers_Ultraprocessed
171,Ultraprocessed,7.25,1.16,4.63,Prefers_Ultraprocessed
172,Unprocessed,4.88,4.05,2.88,Prefers_Ultraprocessed
172,Ultraprocessed,7.75,0.46,2.88,Prefers_Ultraprocessed
173,Unprocessed,6.75,2.43,-1.88,Prefers_Unprocessed
173,Ultraprocessed,4.88,2.75,-1.88,Prefers_Unprocessed
174,Unprocessed,0.13,0.35,4.38,Prefers_Ultraprocessed
174,Ultraprocessed,4.5,2.98,4.38,Prefers_Ultraprocessed
